site;date; percent;gorg;cuber
gorg;40.26;2019-07-27;31.90;53.50
gorg;40.26;2019-07-28;31.90;53.50
gorg;39.22;2019-07-30;31.82;50.96
gorg;39.22;2019-07-31;31.82;50.96
gorg;39.22;2019-08-01;31.82;50.96
gorg;39.22;2019-08-02;31.82;50.96
gorg;39.22;2019-08-03;31.82;50.96
gorg;39.22;2019-08-04;31.82;50.96
gorg;39.22;2019-08-05;31.82;50.96
gorg;39.22;2019-08-06;31.82;50.96
gorg;39.22;2019-08-07;31.82;50.96
gorg;39.22;2019-08-08;31.82;50.96
gorg;39.22;2019-08-09;31.82;50.96
gorg;39.22;2019-08-10;31.82;50.96
gorg;39.22;2019-08-11;31.82;50.96
gorg;39.22;2019-08-12;31.82;50.96
gorg;39.22;2019-08-13;31.82;50.96
gorg;39.22;2019-08-14;31.82;50.96
gorg;39.22;2019-08-15;31.82;50.96
gorg;39.22;2019-08-16;31.82;50.96
gorg;39.22;2019-08-17;31.82;50.96
gorg;39.22;2019-08-18;31.82;50.96
gorg;39.22;2019-08-19;31.82;50.96
gorg;37.15;2019-08-20;31.35;46.34
gorg;37.15;2019-08-21;31.35;46.34
gorg;37.15;2019-08-22;31.35;46.34
gorg;37.15;2019-08-23;31.35;46.34
gorg;37.15;2019-08-24;31.35;46.34
gorg;37.15;2019-08-25;31.35;46.34
gorg;37.15;2019-08-26;31.35;46.34
gorg;37.15;2019-08-27;31.35;46.34
gorg;37.15;2019-08-28;31.35;46.34
gorg;34.94;2019-08-29;31.06;41.09
gorg;34.94;2019-08-30;31.06;41.09
gorg;34.94;2019-08-31;31.06;41.09
gorg;34.94;2019-09-01;31.06;41.09
gorg;34.94;2019-09-02;31.06;41.09
gorg;34.94;2019-09-03;31.06;41.09
gorg;34.39;2019-09-04;31.06;39.67
gorg;34.39;2019-09-05;31.06;39.67
gorg;34.39;2019-09-06;31.06;39.67
gorg;34.39;2019-09-07;31.06;39.67
gorg;34.39;2019-09-08;31.06;39.67
gorg;34.39;2019-09-09;31.06;39.67
gorg;33.55;2019-09-11;31.06;37.50
gorg;43.16;2019-09-12;42.99;43.43
gorg;44.25;2019-09-13;44.54;43.80
gorg;44.25;2019-09-14;44.54;43.80
gorg;44.25;2019-09-15;44.54;43.80
gorg;44.25;2019-09-16;44.54;43.80
gorg;44.25;2019-09-16;44.54;43.80
gorg;44.25;2019-09-17;44.54;43.80
gorg;44.88;2019-09-18;45.56;43.80
gorg;44.88;2019-09-19;45.56;43.80
gorg;44.88;2019-09-20;45.56;43.80
gorg;44.88;2019-09-21;45.56;43.80
gorg;44.88;2019-09-22;45.56;43.80
gorg;44.88;2019-09-23;45.56;43.80
gorg;44.48;2019-09-24;45.78;42.43
gorg;44.48;2019-09-25;45.78;42.43
gorg;44.48;2019-09-26;45.78;42.43
gorg;44.48;2019-09-27;45.78;42.43
gorg;44.48;2019-09-28;45.78;42.43
gorg;44.48;2019-09-29;45.78;42.43
gorg;44.48;2019-09-30;45.78;42.43
gorg;44.06;2019-10-01;45.40;41.92
gorg;44.06;2019-10-02;45.40;41.92
gorg;44.06;2019-10-03;45.40;41.92
gorg;43.73;2019-10-04;45.24;41.34
gorg;43.73;2019-10-05;45.24;41.34
gorg;43.73;2019-10-06;45.24;41.34
gorg;43.73;2019-10-07;45.24;41.34
gorg;43.73;2019-10-08;45.24;41.34
gorg;43.41;2019-10-09;45.24;40.50
gorg;43.41;2019-10-10;45.24;40.50
gorg;43.41;2019-10-11;45.24;40.50
gorg;43.41;2019-10-12;45.24;40.50
gorg;43.41;2019-10-13;45.24;40.50
gorg;43.41;2019-10-14;45.24;40.50
gorg;42.86;2019-10-15;45.24;39.09
gorg;42.86;2019-10-16;45.24;39.09
gorg;42.86;2019-10-17;45.24;39.09
gorg;42.86;2019-10-18;45.24;39.09
gorg;42.86;2019-10-19;45.24;39.09
gorg;42.86;2019-10-20;45.24;39.09
gorg;42.86;2019-10-21;45.24;39.09
gorg;42.86;2019-10-22;45.24;39.09
gorg;43.00;2019-10-23;46.04;38.17
gorg;45.30;2019-10-24;48.65;40.00
gorg;45.30;2019-10-25;48.65;40.00
gorg;45.30;2019-10-26;48.65;40.00
gorg;45.30;2019-10-27;48.65;40.00
gorg;45.30;2019-10-28;48.65;40.00
gorg;46.12;2019-10-29;48.82;41.18
gorg;46.12;2019-10-30;48.82;41.18
gorg;46.12;2019-10-31;48.82;41.18
gorg;46.12;2019-11-01;48.82;41.18
gorg;46.12;2019-11-02;48.82;41.18
gorg;46.12;2019-11-03;48.82;41.18
gorg;46.12;2019-11-04;48.82;41.18
gorg;46.12;2019-11-05;48.82;41.18
gorg;46.00;2019-11-06;47.39;43.80
gorg;46.00;2019-11-07;47.39;43.80
gorg;46.00;2019-11-08;47.39;43.80
gorg;46.46;2019-11-09;47.27;45.16
gorg;46.46;2019-11-10;47.27;45.16
gorg;46.46;2019-11-11;47.27;45.16
gorg;50.63;2019-11-12;51.74;48.88
gorg;52.14;2019-11-13;53.40;50.15
gorg;52.14;2019-11-14;53.40;50.15
gorg;52.14;2019-11-15;53.40;50.15
gorg;52.14;2019-11-16;53.40;50.15
gorg;52.14;2019-11-17;53.40;50.15
gorg;52.14;2019-11-18;53.40;50.15
gorg;52.14;2019-11-19;53.40;50.15
gorg;52.14;2019-11-20;53.40;50.15
gorg;52.14;2019-11-21;53.40;50.15
gorg;52.14;2019-11-22;53.40;50.15
gorg;52.14;2019-11-23;53.40;50.15
gorg;52.14;2019-11-24;53.40;50.15
gorg;52.14;2019-11-25;53.40;50.15
gorg;52.14;2019-11-26;53.40;50.15
gorg;65.74;2019-11-27;67.15;63.51
gorg;65.74;2019-11-28;67.15;63.51
gorg;65.74;2019-11-29;67.15;63.51
gorg;65.74;2019-11-30;67.15;63.51
gorg;65.74;2019-12-01;67.15;63.51
gorg;66.81;2019-12-05;67.02;66.48
gorg;77.74;2019-12-06;78.26;76.91
gorg;77.74;2019-12-07;78.26;76.91
gorg;77.74;2019-12-08;78.26;76.91
gorg;77.74;2019-12-09;78.26;76.91
gorg;78.54;2019-12-10;79.15;77.59
gorg;78.54;2019-12-11;79.15;77.59
gorg;78.54;2019-12-12;79.15;77.59
gorg;78.54;2019-12-13;79.15;77.59
gorg;78.54;2019-12-14;79.15;77.59
gorg;78.54;2019-12-15;79.15;77.59
gorg;78.54;2019-12-16;79.15;77.59
gorg;78.57;2019-12-17;77.54;80.19
gorg;78.57;2019-12-18;77.54;80.19
gorg;78.57;2019-12-19;77.54;80.19
gorg;78.57;2019-12-20;77.54;80.19
gorg;78.57;2019-12-21;77.54;80.19
gorg;78.57;2019-12-22;77.54;80.19
gorg;78.57;2019-12-23;77.54;80.19
gorg;78.04;2019-12-24;74.19;84.15
gorg;78.04;2019-12-25;74.19;84.15
gorg;78.04;2019-12-26;74.19;84.15
gorg;78.04;2019-12-27;74.19;84.15
gorg;78.04;2019-12-28;74.19;84.15
gorg;78.04;2019-12-29;74.19;84.15
gorg;78.04;2019-12-30;74.19;84.15
gorg;77.58;2019-12-31;71.91;86.56
gorg;77.58;2020-01-01;71.91;86.56
gorg;77.58;2020-01-02;71.91;86.56
gorg;77.58;2020-01-03;71.91;86.56
gorg;77.58;2020-01-04;71.91;86.56
gorg;77.58;2020-01-05;71.91;86.56
gorg;77.58;2020-01-06;71.91;86.56
gorg;77.58;2020-01-07;71.91;86.56
gorg;77.58;2020-01-08;71.91;86.56
gorg;77.58;2020-01-09;71.91;86.56
gorg;77.58;2020-01-10;71.91;86.56
gorg;77.58;2020-01-11;71.91;86.56
gorg;77.58;2020-01-12;71.91;86.56
gorg;77.58;2020-01-13;71.91;86.56
gorg;77.58;2020-01-14;71.91;86.56
gorg;75.11;2020-01-15;70.12;83.02
gorg;75.11;2020-01-16;70.12;83.02
gorg;75.11;2020-01-17;70.12;83.02
gorg;75.11;2020-01-18;70.12;83.02
gorg;75.11;2020-01-19;70.12;83.02
gorg;75.11;2020-01-20;70.12;83.02
gorg;75.11;2020-01-21;70.12;83.02
gorg;94.00;2020-01-22;93.75;94.41
gorg;96.13;2020-01-23;96.07;96.22
gorg;96.83;2020-01-24;96.08;96.85
gorg;96.83;2020-01-25;96.08;96.85
gorg;96.83;2020-01-26;96.08;96.85
gorg;96.83;2020-01-27;96.08;96.85
gorg;96.83;2020-01-28;96.08;96.85
gorg;96.78;2020-01-29;96.58;97.10
gorg;96.78;2020-01-30;96.58;97.10
gorg;96.78;2020-01-31;96.58;97.10
gorg;96.78;2020-02-01;96.58;97.10
gorg;96.78;2020-02-02;96.58;97.10
gorg;96.78;2020-02-03;96.58;97.10
gorg;96.02;2020-02-04;95.82;96.34
gorg;96.02;2020-02-05;95.82;96.34
gorg;96.02;2020-02-06;95.82;96.34
gorg;96.02;2020-02-07;95.82;96.34
gorg;96.02;2020-02-08;95.82;96.34
gorg;96.02;2020-02-09;95.82;96.34
gorg;96.02;2020-02-10;95.82;96.34
gorg;94.53;2020-02-11;94.07;95.25
gorg;94.53;2020-02-12;94.07;95.25
gorg;94.53;2020-02-13;94.07;95.25
gorg;94.53;2020-02-14;94.07;95.25
gorg;94.53;2020-02-15;94.07;95.25
gorg;94.53;2020-02-16;94.07;95.25
gorg;94.53;2020-02-17;94.07;95.25
gorg;94.53;2020-02-18;94.07;95.25
gorg;94.53;2020-02-18;94.07;95.25
gorg;92.67;2020-02-19;92.33;93.20
gorg;92.67;2020-02-20;92.33;93.20
gorg;92.67;2020-02-21;92.33;93.20
gorg;92.67;2020-02-22;92.33;93.20
gorg;92.67;2020-02-23;92.33;93.20
gorg;92.67;2020-02-24;92.33;93.20
gorg;90.52;2020-02-28;90.36;90.79
gorg;90.52;2020-02-28;90.36;90.79
gorg;90.52;2020-02-28;90.36;90.79
gorg;90.52;2020-02-28;90.36;90.79
gorg;90.52;2020-02-29;90.36;90.79
gorg;90.52;2020-03-01;90.36;90.79
gorg;90.52;2020-03-02;90.36;90.79
gorg;88.48;2020-03-03;88.55;88.37
gorg;88.48;2020-03-04;88.55;88.37
gorg;88.48;2020-03-05;88.55;88.37
gorg;88.48;2020-03-06;88.55;88.37
gorg;88.48;2020-03-07;88.55;88.37
gorg;88.48;2020-03-08;88.55;88.37
gorg;88.48;2020-03-09;88.55;88.37
gorg;86.39;2020-03-10;86.73;85.84
gorg;86.39;2020-03-11;86.73;85.84
gorg;86.39;2020-03-12;86.73;85.84
gorg;86.39;2020-03-13;86.73;85.84
gorg;86.39;2020-03-14;86.73;85.84
gorg;86.39;2020-03-15;86.73;85.84
gorg;86.39;2020-03-16;86.73;85.84
gorg;84.34;2020-03-17;84.97;83.36
gorg;84.34;2020-03-18;84.97;83.36
gorg;84.34;2020-03-19;84.97;83.36
gorg;84.34;2020-03-20;84.97;83.36
gorg;84.34;2020-03-21;84.97;83.36
gorg;84.34;2020-03-22;84.97;83.36
gorg;84.34;2020-03-23;84.97;83.36
gorg;82.22;2020-03-24;83.00;80.98
gorg;82.22;2020-03-25;83.00;80.98
gorg;82.22;2020-03-26;83.00;80.98
gorg;82.22;2020-03-27;83.00;80.98
gorg;82.22;2020-03-28;83.00;80.98
gorg;82.22;2020-03-29;83.00;80.98
gorg;82.22;2020-03-30;83.00;80.98
gorg;81.23;2020-03-31;82.10;79.85
gorg;81.23;2020-04-01;82.10;79.85
gorg;80.24;2020-04-02;81.26;78.61
gorg;80.24;2020-04-03;81.26;78.61
gorg;80.24;2020-04-04;81.26;78.61
gorg;80.24;2020-04-05;81.26;78.61
gorg;80.24;2020-04-06;81.26;78.61
gorg;80.24;2020-04-07;81.26;78.61
gorg;80.96;2020-04-08;83.15;77.47
gorg;80.96;2020-04-09;83.15;77.47
gorg;80.96;2020-04-10;83.15;77.47
gorg;80.96;2020-04-11;83.15;77.47
gorg;80.96;2020-04-12;83.15;77.47
gorg;80.96;2020-04-13;83.15;77.47
gorg;80.96;2020-04-14;83.15;77.47
gorg;79.33;2020-04-15;81.72;75.55
gorg;79.33;2020-04-16;81.72;75.55
gorg;79.33;2020-04-17;81.72;75.55
gorg;79.33;2020-04-18;81.72;75.55
gorg;79.33;2020-04-19;81.72;75.55
gorg;79.33;2020-04-20;81.72;75.55
gorg;80.17;2020-04-21;83.08;75.55
gorg;90.50;2020-04-22;94.57;84.04
gorg;94.40;2020-04-23;98.66;87.65
gorg;95.23;2020-04-24;99.33;88.74
gorg;95.23;2020-04-25;99.33;88.74
gorg;95.23;2020-04-26;99.33;88.74
gorg;95.23;2020-04-27;99.33;88.74
gorg;95.15;2020-04-28;98.66;89.58
gorg;95.15;2020-04-29;98.66;89.58
gorg;95.15;2020-04-30;98.66;89.58
gorg;95.15;2020-05-01;98.66;89.58
gorg;95.15;2020-05-03;98.66;89.58
gorg;95.15;2020-05-04;98.66;89.58
gorg;93.06;2020-05-05;95.41;89.34
gorg;93.06;2020-05-06;95.41;89.34
gorg;93.06;2020-05-07;95.41;89.34
gorg;93.06;2020-05-08;95.41;89.34
gorg;93.06;2020-05-09;95.41;89.34
gorg;93.06;2020-05-10;95.41;89.34
gorg;93.06;2020-05-11;95.41;89.34
gorg;91.06;2020-05-12;92.02;89.46
gorg;91.06;2020-05-13;92.02;89.46
gorg;91.06;2020-05-14;92.02;89.46
gorg;91.06;2020-05-15;92.02;89.46
gorg;91.06;2020-05-16;92.02;89.46
gorg;91.06;2020-05-17;92.02;89.46
gorg;91.06;2020-05-18;92.02;89.46
gorg;89.72;2020-05-19;89.96;89.34
gorg;88.62;2020-05-20;88.39;88.98
gorg;88.62;2020-05-21;88.39;88.98
gorg;88.62;2020-05-21;88.39;88.98
gorg;88.62;2020-05-22;88.39;88.98
gorg;88.62;2020-05-23;88.39;88.98
gorg;88.62;2020-05-24;88.39;88.98
gorg;88.62;2020-05-25;88.39;88.98
gorg;85.96;2020-05-27;84.66;85.96
gorg;85.96;2020-05-28;84.66;85.96
gorg;85.96;2020-05-29;84.66;85.96
gorg;85.96;2020-05-30;84.66;85.96
gorg;85.96;2020-05-31;84.66;85.96
gorg;85.96;2020-06-01;84.66;85.96
gorg;85.96;2020-06-02;84.66;85.96
gorg;83.22;2020-06-03;80.74;87.17
gorg;83.22;2020-06-04;80.74;87.17
gorg;83.22;2020-06-05;80.74;87.17
gorg;83.22;2020-06-06;80.74;87.17
gorg;83.22;2020-06-07;80.74;87.17
gorg;83.22;2020-06-08;80.74;87.17
gorg;81.01;2020-06-09;77.12;87.17
gorg;81.01;2020-06-10;77.12;87.17
gorg;81.01;2020-06-11;77.12;87.17
gorg;81.01;2020-06-12;77.12;87.17
gorg;81.01;2020-06-13;77.12;87.17
gorg;81.01;2020-06-14;77.12;87.17
gorg;81.01;2020-06-15;77.12;87.17
gorg;78.25;2020-06-16;73.62;85.60
gorg;78.25;2020-06-17;73.62;85.60
gorg;78.25;2020-06-18;73.62;85.60
gorg;78.25;2020-06-19;73.62;85.60
gorg;78.25;2020-06-20;73.62;85.60
gorg;78.25;2020-06-21;73.62;85.60
gorg;78.25;2020-06-22;73.62;85.60
gorg;75.47;2020-06-23;69.92;84.27
gorg;75.47;2020-06-24;69.92;84.27
gorg;75.47;2020-06-25;69.92;84.27
gorg;75.47;2020-06-26;69.92;84.27
gorg;75.47;2020-06-27;69.92;84.27
gorg;75.47;2020-06-28;69.92;84.27
gorg;75.47;2020-06-29;69.92;84.27
gorg;75.47;2020-06-30;69.92;84.27
gorg;73.74;2020-07-01;67.96;82.91
gorg;73.74;2020-07-02;67.96;82.91
gorg;73.74;2020-07-03;67.96;82.91
gorg;73.74;2020-07-04;67.96;82.91
gorg;73.74;2020-07-05;67.96;82.91
gorg;73.74;2020-07-06;67.96;82.91
gorg;73.74;2020-07-07;67.96;82.91
gorg;73.74;2020-07-08;67.96;82.91
gorg;73.74;2020-07-09;67.96;82.91
gorg;73.74;2020-07-10;67.96;82.91
gorg;73.74;2020-07-11;67.96;82.91
gorg;73.74;2020-07-12;67.96;82.91
gorg;73.74;2020-07-13;67.96;82.91
gorg;71.70;2020-07-14;67.62;78.15
gorg;71.70;2020-07-15;67.62;78.15
gorg;71.70;2020-07-16;67.62;78.15
gorg;71.70;2020-07-17;67.62;78.15
gorg;71.70;2020-07-18;67.62;78.15
gorg;71.70;2020-07-19;67.62;78.15
gorg;71.70;2020-07-20;67.62;78.15
gorg;71.70;2020-07-21;67.62;78.15
gorg;71.13;2020-07-22;67.56;76.80
gorg;71.13;2020-07-23;67.56;76.80
gorg;71.13;2020-07-24;67.56;76.80
gorg;71.13;2020-07-25;67.56;76.80
gorg;71.13;2020-07-26;67.56;76.80
gorg;71.13;2020-07-27;67.56;76.80
gorg;71.13;2020-07-28;67.56;76.80
gorg;71.13;2020-07-29;67.56;76.80
gorg;71.13;2020-07-30;67.56;76.80
gorg;71.13;2020-07-31;67.56;76.80
gorg;68.90;2020-08-01;67.35;71.35
gorg;68.90;2020-08-02;67.35;71.35
gorg;68.90;2020-08-03;67.35;71.35
gorg;66.32;2020-08-04;67.08;65.10
gorg;66.32;2020-08-05;67.08;65.10
gorg;66.32;2020-08-07;67.08;65.10
gorg;66.32;2020-08-08;67.08;65.10
gorg;66.32;2020-08-09;67.08;65.10
gorg;66.32;2020-08-10;67.08;65.10
gorg;64.26;2020-08-11;67.02;59.88
gorg;64.26;2020-08-12;67.02;59.88
gorg;64.26;2020-08-13;67.02;59.88
gorg;64.26;2020-08-14;67.02;59.88
gorg;64.26;2020-08-15;67.02;59.88
gorg;64.26;2020-08-16;67.02;59.88
gorg;64.26;2020-08-17;67.02;59.88
gorg;64.26;2020-08-18;67.02;59.88
gorg;62.46;2020-08-19;66.81;55.56
gorg;62.46;2020-08-20;66.81;55.56
gorg;62.46;2020-08-21;66.81;55.56
gorg;62.46;2020-08-22;66.81;55.56
gorg;62.46;2020-08-23;66.81;55.56
gorg;62.46;2020-08-24;66.81;55.56
gorg;60.77;2020-08-25;66.61;51.51
gorg;60.77;2020-08-26;66.61;51.51
gorg;60.77;2020-08-27;66.61;51.51
gorg;60.77;2020-08-28;66.61;51.51
gorg;60.77;2020-08-29;66.61;51.51
gorg;60.77;2020-08-30;66.61;51.51
gorg;60.77;2020-08-31;66.61;51.51
gorg;60.77;2020-09-01;66.61;51.51
gorg;60.77;2020-09-02;66.61;51.51
gorg;60.77;2020-09-03;66.61;51.51
gorg;60.77;2020-09-04;66.61;51.51
gorg;60.77;2020-09-05;66.61;51.51
gorg;60.77;2020-09-06;66.61;51.51
gorg;60.77;2020-09-07;66.61;51.51
gorg;58.78;2020-09-08;67.49;44.98
gorg;58.78;2020-09-09;67.49;44.98
gorg;58.78;2020-09-10;67.49;44.98
gorg;58.78;2020-09-11;67.49;44.98
gorg;58.78;2020-09-12;67.49;44.98
gorg;58.78;2020-09-13;67.49;44.98
gorg;58.78;2020-09-14;67.49;44.98
gorg;59.66;2020-09-15;68.64;45.43
gorg;59.26;2020-09-16;68.10;45.25
gorg;59.26;2020-09-17;68.10;45.25
gorg;59.26;2020-09-18;68.10;45.25
gorg;59.26;2020-09-19;68.10;45.25
gorg;59.26;2020-09-20;68.10;45.25
gorg;59.26;2020-09-21;68.10;45.25
gorg;58.12;2020-09-22;66.47;44.89
gorg;58.12;2020-09-23;66.47;44.89
gorg;58.12;2020-09-24;66.47;44.89
gorg;58.12;2020-09-25;66.47;44.89
gorg;58.12;2020-09-26;66.47;44.89
gorg;58.12;2020-09-27;66.47;44.89
gorg;58.12;2020-09-28;66.47;44.89
gorg;58.12;2020-09-29;66.47;44.89
gorg;58.12;2020-09-30;66.47;44.89
gorg;58.12;2020-10-03;66.47;44.89
gorg;58.12;2020-10-04;66.47;44.89
gorg;58.12;2020-10-04;66.47;44.89
gorg;58.12;2020-10-04;66.47;44.89
gorg;58.12;2020-10-05;66.47;44.89
gorg;58.12;2020-10-06;66.47;44.89
gorg;55.49;2020-10-07;62.92;43.71
gorg;55.49;2020-10-08;62.92;43.71
gorg;55.49;2020-10-09;62.92;43.71
gorg;55.49;2020-10-10;62.92;43.71
gorg;55.49;2020-10-11;62.92;43.71
gorg;55.49;2020-10-12;62.92;43.71
gorg;55.49;2020-10-13;62.92;43.71
gorg;54.72;2020-10-14;61.89;43.34
gorg;54.72;2020-10-15;61.89;43.34
gorg;55.96;2020-10-16;63.75;43.62
gorg;55.96;2020-10-17;63.75;43.62
gorg;55.96;2020-10-18;63.75;43.62
gorg;55.96;2020-10-19;63.75;43.62
gorg;55.79;2020-10-20;62.73;44.80
gorg;55.79;2020-10-21;62.73;44.80
gorg;55.79;2020-10-22;62.73;44.80
gorg;55.79;2020-10-23;62.73;44.80
gorg;55.79;2020-10-24;62.73;44.80
gorg;55.79;2020-10-24;62.73;44.80
gorg;55.79;2020-10-25;62.73;44.80
gorg;55.79;2020-10-26;62.73;44.80
gorg;54.61;2020-10-27;59.20;47.34
gorg;54.61;2020-10-28;59.20;47.34
gorg;54.61;2020-10-29;59.20;47.34
gorg;54.61;2020-10-30;59.20;47.34
gorg;54.61;2020-10-31;59.20;47.34
gorg;54.61;2020-11-01;59.20;47.34
gorg;54.61;2020-11-02;59.20;47.34
gorg;54.61;2020-11-03;59.20;47.34
gorg;53.20;2020-11-04;55.82;49.06
gorg;53.20;2020-11-05;55.82;49.06
gorg;53.20;2020-11-06;55.82;49.06
gorg;53.20;2020-11-07;55.82;49.06
gorg;53.20;2020-11-08;55.82;49.06
gorg;53.20;2020-11-09;55.82;49.06
gorg;52.00;2020-11-10;52.26;51.60
gorg;52.00;2020-11-11;52.26;51.60
gorg;52.00;2020-11-12;52.26;51.60
gorg;52.00;2020-11-13;52.26;51.60
gorg;52.00;2020-11-14;52.26;51.60
gorg;52.00;2020-11-15;52.26;51.60
gorg;52.00;2020-11-16;52.26;51.60
gorg;52.00;2020-11-17;52.26;51.60
gorg;51.20;2020-11-18;49.56;53.79
gorg;51.20;2020-11-19;49.56;53.79
gorg;51.20;2020-11-20;49.56;53.79
gorg;51.20;2020-11-21;49.56;53.79
gorg;51.20;2020-11-22;49.56;53.79
gorg;51.20;2020-11-23;49.56;53.79
gorg;51.20;2020-11-24;49.56;53.79
gorg;50.56;2020-11-25;46.10;57.62
gorg;50.56;2020-11-26;46.10;57.62
gorg;50.56;2020-11-27;46.10;57.62
gorg;50.56;2020-11-28;46.10;57.62
gorg;50.56;2020-11-29;46.10;57.62
gorg;50.56;2020-11-30;46.10;57.62
gorg;51.57;2020-12-01;47.56;57.92
gorg;51.57;2020-12-02;47.56;57.92
gorg;51.57;2020-12-03;47.56;57.92
gorg;51.57;2020-12-04;47.56;57.92
gorg;51.57;2020-12-05;47.56;57.92
gorg;51.57;2020-12-06;47.56;57.92
gorg;51.57;2020-12-07;47.56;57.92
gorg;51.57;2020-12-08;47.56;57.92
gorg;51.57;2020-12-09;47.56;57.92
gorg;51.57;2020-12-10;47.56;57.92
gorg;51.57;2020-12-11;47.56;57.92
gorg;51.57;2020-12-12;47.56;57.92
gorg;51.57;2020-12-13;47.56;57.92
gorg;51.57;2020-12-14;47.56;57.92
gorg;51.57;2020-12-15;47.56;57.92
gorg;51.57;2020-12-16;47.56;57.92
gorg;51.57;2020-12-17;47.56;57.92
gorg;51.57;2020-12-18;47.56;57.92
gorg;51.57;2020-12-19;47.56;57.92
gorg;51.57;2020-12-20;47.56;57.92
gorg;51.57;2020-12-21;47.56;57.92
gorg;51.57;2020-12-22;47.56;57.92
gorg;55.19;2020-12-23;53.28;58.21
gorg;55.19;2020-12-24;53.28;58.21
gorg;55.19;2020-12-25;53.28;58.21
gorg;55.19;2020-12-26;53.28;58.21
gorg;55.19;2020-12-27;53.28;58.21
gorg;55.19;2020-12-28;53.28;58.21
gorg;55.19;2020-12-29;53.28;58.21
gorg;55.22;2020-12-30;53.65;57.72
gorg;55.22;2020-12-31;53.65;57.72
gorg;55.22;2021-01-01;53.65;57.72
gorg;55.22;2021-01-02;53.65;57.72
gorg;55.22;2021-01-03;53.65;57.72
gorg;55.22;2021-01-04;53.65;57.72
gorg;55.22;2021-01-05;53.65;57.72
gorg;55.22;2021-01-06;53.65;57.72
gorg;55.22;2021-01-07;53.65;57.72
gorg;55.22;2021-01-08;53.65;57.72
gorg;55.22;2021-01-09;53.65;57.72
gorg;55.22;2021-01-10;53.65;57.72
gorg;55.22;2021-01-11;53.65;57.72
gorg;57.28;2021-01-12;58.12;55.95
gorg;62.59;2021-01-13;64.99;58.80
gorg;62.59;2021-01-14;64.99;58.80
gorg;62.59;2021-01-15;64.99;58.80
gorg;62.59;2021-01-16;64.99;58.80
gorg;62.59;2021-01-17;64.99;58.80
gorg;62.59;2021-01-18;64.99;58.80
gorg;62.59;2021-01-19;64.99;58.80
gorg;64.44;2021-01-20;66.20;61.65
gorg;64.44;2021-01-21;66.20;61.65
gorg;64.44;2021-01-22;66.20;61.65
gorg;64.44;2021-01-23;66.20;61.65
gorg;64.44;2021-01-24;66.20;61.65
gorg;64.44;2021-01-25;66.20;61.65
gorg;64.09;2021-01-26;65.19;62.35
gorg;64.09;2021-01-27;65.19;62.35
gorg;64.09;2021-01-28;65.19;62.35
gorg;64.09;2021-01-29;65.19;62.35
gorg;64.09;2021-01-30;65.19;62.35
gorg;64.09;2021-01-31;65.19;62.35
gorg;64.09;2021-02-01;65.19;62.35
gorg;64.09;2021-02-02;65.19;62.35
gorg;64.89;2021-02-03;63.75;66.69
gorg;64.89;2021-02-04;63.75;66.69
gorg;64.89;2021-02-05;63.75;66.69
gorg;64.89;2021-02-06;63.75;66.69
gorg;64.89;2021-02-07;63.75;66.69
gorg;64.89;2021-02-08;63.75;66.69
gorg;63.42;2021-02-09;60.48;68.07
gorg;63.42;2021-02-10;60.48;68.07
gorg;63.42;2021-02-11;60.48;68.07
gorg;63.42;2021-02-12;60.48;68.07
gorg;63.42;2021-02-13;60.48;68.07
gorg;63.42;2021-02-14;60.48;68.07
gorg;63.42;2021-02-15;60.48;68.07
gorg;61.87;2021-02-16;57.15;69.34
gorg;61.87;2021-02-17;57.15;69.34
gorg;61.87;2021-02-18;57.15;69.34
gorg;61.87;2021-02-19;57.15;69.34
gorg;61.87;2021-02-20;57.15;69.34
gorg;61.87;2021-02-21;57.15;69.34
gorg;61.87;2021-02-22;57.15;69.34
gorg;60.13;2021-02-23;55.46;67.54
gorg;60.13;2021-02-24;55.46;67.54
gorg;60.13;2021-02-25;55.46;67.54
gorg;60.13;2021-02-26;55.46;67.54
gorg;60.13;2021-02-27;55.46;67.54
gorg;60.13;2021-02-28;55.46;67.54
gorg;60.13;2021-03-01;55.46;67.54
gorg;60.13;2021-03-02;55.46;67.54
gorg;58.32;2021-03-03;53.71;65.63
gorg;58.32;2021-03-04;53.71;65.63
gorg;58.32;2021-03-05;53.71;65.63
gorg;58.32;2021-03-06;53.71;65.63
gorg;58.32;2021-03-07;53.71;65.63
gorg;58.32;2021-03-08;53.71;65.63
gorg;56.56;2021-03-09;51.91;63.93
gorg;57.71;2021-03-10;53.65;64.15
gorg;57.71;2021-03-11;53.65;64.15
gorg;57.71;2021-03-12;53.65;64.15
gorg;57.71;2021-03-13;53.65;64.15
gorg;57.71;2021-03-14;53.65;64.15
gorg;57.71;2021-03-15;53.65;64.15
gorg;57.03;2021-03-16;53.40;62.77
gorg;57.03;2021-03-17;53.40;62.77
gorg;57.03;2021-03-18;53.40;62.77
gorg;57.03;2021-03-19;53.40;62.77
gorg;57.03;2021-03-21;53.40;62.77
gorg;57.03;2021-03-22;53.40;62.77
gorg;60.10;2021-03-23;57.21;64.68
gorg;60.10;2021-03-24;57.21;64.68
gorg;60.10;2021-03-25;57.21;64.68
gorg;60.10;2021-03-26;57.21;64.68
gorg;60.10;2021-03-27;57.21;64.68
gorg;60.10;2021-03-28;57.21;64.68
gorg;60.10;2021-03-29;57.21;64.68
gorg;60.31;2021-03-30;59.58;61.45
gorg;60.31;2021-03-31;59.58;61.45
gorg;60.31;2021-04-01;59.58;61.45
gorg;60.31;2021-04-02;59.58;61.45
gorg;60.31;2021-04-03;59.58;61.45
gorg;60.31;2021-04-04;59.58;61.45
gorg;60.31;2021-04-05;59.58;61.45
gorg;60.31;2021-04-06;59.58;61.45
gorg;58.62;2021-04-07;58.62;58.90
gorg;58.62;2021-04-08;58.62;58.90
gorg;58.62;2021-04-09;58.62;58.90
gorg;58.62;2021-04-10;58.62;58.90
gorg;58.62;2021-04-11;58.62;58.90
gorg;58.62;2021-04-12;58.62;58.90
gorg;57.29;2021-04-13;57.21;57.43
gorg;57.29;2021-04-14;57.21;57.43
gorg;57.29;2021-04-15;57.21;57.43
gorg;57.29;2021-04-16;57.21;57.43
gorg;57.29;2021-04-17;57.21;57.43
gorg;57.29;2021-04-18;57.21;57.43
gorg;57.29;2021-04-19;57.21;57.43
gorg;57.29;2021-04-20;57.21;57.43
gorg;55.61;2021-04-21;55.58;55.66
gorg;55.61;2021-04-22;55.58;55.66
gorg;55.61;2021-04-23;55.58;55.66
gorg;55.61;2021-04-24;55.58;55.66
gorg;55.61;2021-04-25;55.58;55.66
gorg;55.61;2021-04-26;55.58;55.66
gorg;55.61;2021-04-27;55.58;55.66
gorg;54.12;2021-04-28;53.83;54.58
gorg;54.12;2021-04-29;53.83;54.58
gorg;54.12;2021-04-30;53.83;54.58
gorg;54.12;2021-05-01;53.83;54.58
gorg;54.12;2021-05-02;53.83;54.58
gorg;54.12;2021-05-03;53.83;54.58
gorg;52.62;2021-05-05;52.32;53.10
gorg;52.62;2021-05-06;52.32;53.10
gorg;52.62;2021-05-07;52.32;53.10
gorg;52.62;2021-05-08;52.32;53.10
gorg;52.62;2021-05-09;52.32;53.10
gorg;52.62;2021-05-10;52.32;53.10
gorg;51.05;2021-05-11;50.54;51.87
gorg;51.05;2021-05-12;50.54;51.87
gorg;51.05;2021-05-13;50.54;51.87
gorg;51.05;2021-05-14;50.54;51.87
gorg;51.05;2021-05-15;50.54;51.87
gorg;51.05;2021-05-16;50.54;51.87
gorg;51.05;2021-05-17;50.54;51.87
gorg;51.05;2021-05-18;50.54;51.87
gorg;49.54;2021-05-19;48.88;50.60
gorg;49.54;2021-05-20;48.88;50.60
gorg;49.54;2021-05-21;48.88;50.60
gorg;49.54;2021-05-22;48.88;50.60
gorg;49.54;2021-05-23;48.88;50.60
gorg;49.54;2021-05-24;48.88;50.60
gorg;49.54;2021-05-25;48.88;50.60
gorg;49.54;2021-05-26;48.88;50.60
gorg;48.14;2021-05-27;47.27;49.51
gorg;48.14;2021-05-28;47.27;49.51
gorg;48.14;2021-05-29;47.27;49.51
gorg;48.14;2021-05-30;47.27;49.51
gorg;48.14;2021-05-31;47.27;49.51
gorg;46.63;2021-06-01;45.72;48.06
gorg;46.63;2021-06-02;45.72;48.06
gorg;46.63;2021-06-03;45.72;48.06
gorg;46.63;2021-06-04;45.72;48.06
gorg;46.63;2021-06-05;45.72;48.06
gorg;46.63;2021-06-06;45.72;48.06
gorg;46.63;2021-06-07;45.72;48.06
gorg;45.25;2021-06-08;44.22;46.88
gorg;45.25;2021-06-09;44.22;46.88
gorg;45.25;2021-06-10;44.22;46.88
gorg;45.25;2021-06-11;44.22;46.88
gorg;45.25;2021-06-12;44.22;46.88
gorg;45.25;2021-06-13;44.22;46.88
gorg;45.25;2021-06-14;44.22;46.88
gorg;45.25;2021-06-15;44.22;46.88
gorg;43.52;2021-06-16;42.72;44.80
gorg;43.52;2021-06-17;42.72;44.80
gorg;43.52;2021-06-18;42.72;44.80
gorg;43.52;2021-06-19;42.72;44.80
gorg;43.52;2021-06-20;42.72;44.80
gorg;43.52;2021-06-21;42.72;44.80
gorg;43.52;2021-06-22;42.72;44.80
gorg;41.37;2021-06-23;41.70;40.84
gorg;41.37;2021-06-24;41.70;40.84
gorg;41.37;2021-06-25;41.70;40.84
gorg;41.37;2021-06-26;41.70;40.84
gorg;41.37;2021-06-27;41.70;40.84
gorg;41.37;2021-06-28;41.70;40.84
gorg;41.37;2021-06-29;41.70;40.84
gorg;38.78;2021-06-30;40.96;37.92
gorg;38.78;2021-07-01;40.96;37.92
gorg;38.78;2021-07-02;40.96;37.92
gorg;38.78;2021-07-03;40.96;37.92
gorg;38.78;2021-07-04;40.96;37.92
gorg;38.78;2021-07-05;40.96;37.92
gorg;38.40;2021-07-06;39.66;36.41
gorg;38.40;2021-07-07;39.66;36.41
gorg;38.40;2021-07-08;39.66;36.41
gorg;38.40;2021-07-09;39.66;36.41
gorg;38.40;2021-07-10;39.66;36.41
gorg;38.40;2021-07-11;39.66;36.41
gorg;38.40;2021-07-12;39.66;36.41
gorg;37.18;2021-07-13;37.83;36.16
gorg;37.18;2021-07-14;37.83;36.16
gorg;37.18;2021-07-15;37.83;36.16
gorg;37.18;2021-07-16;37.83;36.16
gorg;37.18;2021-07-17;37.83;36.16
gorg;37.18;2021-07-18;37.83;36.16
gorg;37.18;2021-07-19;37.83;36.16
gorg;37.18;2021-07-20;37.83;36.16
gorg;36.01;2021-07-21;36.01;36.00
gorg;36.01;2021-07-22;36.01;36.00
gorg;36.01;2021-07-23;36.01;36.00
gorg;36.01;2021-07-24;36.01;36.00
gorg;36.01;2021-07-25;36.01;36.00
gorg;36.01;2021-07-26;36.01;36.00
gorg;36.01;2021-07-27;36.01;36.00
gorg;36.01;2021-07-28;36.01;36.00
gorg;36.01;2021-07-29;36.01;36.00
gorg;36.01;2021-07-30;36.01;36.00
gorg;36.01;2021-07-31;36.01;36.00
gorg;36.01;2021-08-01;36.01;36.00
gorg;36.01;2021-08-02;36.01;36.00
gorg;36.01;2021-08-03;36.01;36.00
gorg;36.01;2021-08-04;36.01;36.00
gorg;36.01;2021-08-05;36.01;36.00
gorg;36.01;2021-08-06;36.01;36.00
gorg;36.01;2021-08-07;36.01;36.00
gorg;36.01;2021-08-08;36.01;36.00
gorg;36.01;2021-08-09;36.01;36.00
gorg;33.66;2021-08-10;32.66;35.24
gorg;33.03;2021-08-11;30.85;36.50
gorg;33.03;2021-08-12;30.85;36.50
gorg;33.03;2021-08-13;30.85;36.50
gorg;33.03;2021-08-14;30.85;36.50
gorg;33.03;2021-08-15;30.85;36.50
gorg;33.03;2021-08-16;30.85;36.50
gorg;33.03;2021-08-17;30.85;36.50
gorg;32.45;2021-08-18;29.58;37.00
gorg;32.45;2021-08-19;29.58;37.00
gorg;32.45;2021-08-20;29.58;37.00
gorg;32.45;2021-08-21;29.58;37.00
gorg;32.45;2021-08-22;29.58;37.00
gorg;32.45;2021-08-23;29.58;37.00
gorg;31.22;2021-08-24;28.36;35.74
gorg;31.22;2021-08-25;28.36;35.74
gorg;31.22;2021-08-26;28.36;35.74
gorg;31.22;2021-08-27;28.36;35.74
gorg;31.22;2021-08-28;28.36;35.74
gorg;31.22;2021-08-29;28.36;35.74
gorg;31.22;2021-08-30;28.36;35.74
gorg;30.64;2021-09-01;27.11;36.25
gorg;30.64;2021-09-02;27.11;36.25
gorg;30.64;2021-09-03;27.11;36.25
gorg;30.64;2021-09-04;27.11;36.25
gorg;30.64;2021-09-05;27.11;36.25
gorg;30.64;2021-09-06;27.11;36.25
gorg;30.22;2021-09-07;26.05;36.83
gorg;30.22;2021-09-08;26.05;36.83
gorg;30.22;2021-09-09;26.05;36.83
gorg;30.22;2021-09-10;26.05;36.83
gorg;30.22;2021-09-11;26.05;36.83
gorg;30.22;2021-09-12;26.05;36.83
gorg;30.22;2021-09-13;26.05;36.83
gorg;29.60;2021-09-14;24.89;37.08
gorg;29.60;2021-09-15;24.89;37.08
gorg;29.60;2021-09-16;24.89;37.08
gorg;29.60;2021-09-17;24.89;37.08
gorg;29.60;2021-09-18;24.89;37.08
gorg;29.60;2021-09-19;24.89;37.08
gorg;29.60;2021-09-20;24.89;37.08
gorg;29.09;2021-09-21;23.72;37.58
gorg;29.09;2021-09-22;23.72;37.58
gorg;29.10;2021-09-23;23.79;37.50
gorg;29.10;2021-09-24;23.79;37.50
gorg;29.10;2021-09-25;23.79;37.50
gorg;29.10;2021-09-26;23.79;37.50
gorg;29.10;2021-09-27;23.79;37.50
gorg;28.67;2021-09-28;23.41;37.00
gorg;28.67;2021-09-29;23.41;37.00
gorg;28.67;2021-09-30;23.41;37.00
gorg;28.67;2021-10-01;23.41;37.00
gorg;28.67;2021-10-02;23.41;37.00
gorg;28.67;2021-10-03;23.41;37.00
gorg;28.67;2021-10-04;23.41;37.00
gorg;28.72;2021-10-05;23.66;36.75
gorg;29.33;2021-10-06;24.70;36.66
gorg;29.33;2021-10-07;24.70;36.66
gorg;29.33;2021-10-08;24.70;36.66
gorg;29.33;2021-10-09;24.70;36.66
gorg;29.33;2021-10-10;24.70;36.66
gorg;29.33;2021-10-11;24.70;36.66
gorg;29.02;2021-10-12;24.51;36.16
gorg;29.02;2021-10-13;24.51;36.16
gorg;29.02;2021-10-14;24.51;36.16
gorg;29.02;2021-10-15;24.51;36.16
gorg;29.02;2021-10-16;24.51;36.16
gorg;29.02;2021-10-17;24.51;36.16
gorg;29.02;2021-10-18;24.51;36.16
gorg;28.48;2021-10-19;23.94;35.66
gorg;28.48;2021-10-20;23.94;35.66
gorg;28.48;2021-10-21;23.94;35.66
gorg;28.48;2021-10-22;23.94;35.66
gorg;28.48;2021-10-23;23.94;35.66
gorg;28.48;2021-10-24;23.94;35.66
gorg;28.48;2021-10-25;23.94;35.66
gorg;27.95;2021-10-26;23.34;35.24
gorg;27.95;2021-10-27;23.34;35.24
gorg;27.95;2021-10-28;23.34;35.24
gorg;27.95;2021-10-29;23.34;35.24
gorg;27.95;2021-10-30;23.34;35.24
gorg;27.95;2021-10-31;23.34;35.24
gorg;27.95;2021-11-01;23.34;35.24
gorg;27.95;2021-11-02;23.34;35.24
gorg;28.44;2021-11-03;24.24;35.08
gorg;28.44;2021-11-04;24.24;35.08
gorg;28.64;2021-11-05;24.58;35.08
gorg;29.30;2021-11-06;25.45;35.41
gorg;29.30;2021-11-07;25.45;35.41
gorg;29.30;2021-11-08;25.45;35.41
gorg;29.44;2021-11-09;25.94;34.99
gorg;36.66;2021-11-11;34.45;40.17
gorg;51.92;2021-11-12;49.56;55.66
gorg;57.96;2021-11-13;55.88;61.26
gorg;57.96;2021-11-14;55.88;61.26
gorg;57.96;2021-11-15;55.88;61.26
gorg;70.72;2021-11-16;69.38;72.84
gorg;75.24;2021-11-17;73.83;77.47
gorg;83.65;2021-11-18;83.76;83.47
gorg;83.65;2021-11-19;83.76;83.47
gorg;84.93;2021-11-20;84.89;85.00
gorg;84.93;2021-11-21;84.89;85.00
gorg;84.93;2021-11-22;84.89;85.00
gorg;84.93;2021-11-23;84.89;85.00
gorg;84.93;2021-11-24;84.89;85.00
gorg;87.14;2021-11-25;87.05;87.29
gorg;87.14;2021-11-26;87.05;87.29
gorg;88.38;2021-11-27;88.39;88.37
gorg;88.38;2021-11-28;88.39;88.37
gorg;88.38;2021-11-29;88.39;88.37
gorg;89.14;2021-11-30;89.02;89.34
gorg;89.14;2021-12-01;89.02;89.34
gorg;89.14;2021-12-02;89.02;89.34
gorg;89.14;2021-12-03;89.02;89.34
gorg;90.31;2021-12-04;91.07;89.10
gorg;90.31;2021-12-05;91.07;89.10
gorg;90.31;2021-12-06;91.07;89.10
gorg;90.31;2021-12-07;91.07;89.10
gorg;90.31;2021-12-08;91.07;89.10
gorg;90.31;2021-12-09;91.07;89.10
gorg;90.59;2021-12-10;91.31;89.46
gorg;90.59;2021-12-11;91.31;89.46
gorg;90.59;2021-12-12;91.31;89.46
gorg;90.59;2021-12-13;91.31;89.46
gorg;90.59;2021-12-14;91.31;89.46
gorg;89.57;2021-12-15;89.33;89.94
gorg;89.57;2021-12-16;89.33;89.94
gorg;89.57;2021-12-17;89.33;89.94
gorg;89.57;2021-12-18;89.33;89.94
gorg;89.57;2021-12-19;89.33;89.94
gorg;89.57;2021-12-20;89.33;89.94
gorg;88.19;2021-12-21;86.10;91.51
gorg;88.19;2021-12-22;86.10;91.51
gorg;88.19;2021-12-23;86.10;91.51
gorg;88.19;2021-12-24;86.10;91.51
gorg;88.19;2021-12-25;86.10;91.51
gorg;88.19;2021-12-26;86.10;91.51
gorg;88.19;2021-12-27;86.10;91.51
gorg;88.19;2021-12-28;86.10;91.51
gorg;88.19;2021-12-29;86.10;91.51
gorg;88.19;2021-12-30;86.10;91.51
gorg;86.62;2021-12-31;82.85;92.60
gorg;86.62;2022-01-01;82.85;92.60
gorg;86.62;2022-01-02;82.85;92.60
gorg;86.62;2022-01-03;82.85;92.60
gorg;85.00;2022-01-04;79.98;92.96
gorg;85.00;2022-01-05;79.98;92.96
gorg;85.00;2022-01-06;79.98;92.96
gorg;85.00;2022-01-07;79.98;92.96
gorg;85.00;2022-01-08;79.98;92.96
gorg;85.00;2022-01-09;79.98;92.96
gorg;85.00;2022-01-10;79.98;92.96
gorg;84.02;2022-01-11;79.45;91.27
gorg;84.02;2022-01-12;79.45;91.27
gorg;84.02;2022-01-13;79.45;91.27
gorg;84.02;2022-01-14;79.45;91.27
gorg;84.02;2022-01-15;79.45;91.27
gorg;84.02;2022-01-16;79.45;91.27
gorg;84.02;2022-01-17;79.45;91.27
gorg;82.37;2022-01-18;76.83;91.15
gorg;82.37;2022-01-19;76.83;91.15
gorg;82.37;2022-01-20;76.83;91.15
gorg;82.37;2022-01-21;76.83;91.15
gorg;82.37;2022-01-22;76.83;91.15
gorg;82.37;2022-01-23;76.83;91.15
gorg;82.37;2022-01-24;76.83;91.15
gorg;80.91;2022-01-25;74.98;90.30
gorg;80.91;2022-01-26;74.98;90.30
gorg;80.91;2022-01-27;74.98;90.30
gorg;80.91;2022-01-28;74.98;90.30
gorg;80.91;2022-01-29;74.98;90.30
gorg;80.91;2022-01-30;74.98;90.30
gorg;80.91;2022-01-30;74.98;90.30
gorg;80.91;2022-01-30;74.98;90.30
gorg;80.91;2022-01-31;74.98;90.30
gorg;80.91;2022-01-31;74.98;90.30
gorg;80.91;2022-01-31;74.98;90.30
gorg;79.25;2022-02-01;73.19;88.86
gorg;79.25;2022-02-02;73.19;88.86
gorg;79.25;2022-02-03;73.19;88.86
gorg;79.25;2022-02-04;73.19;88.86
gorg;79.25;2022-02-05;73.19;88.86
gorg;79.25;2022-02-06;73.19;88.86
gorg;79.25;2022-02-07;73.19;88.86
gorg;77.93;2022-02-08;71.34;88.37
gorg;77.93;2022-02-09;71.34;88.37
gorg;77.93;2022-02-10;71.34;88.37
gorg;77.93;2022-02-11;71.34;88.37
gorg;77.93;2022-02-12;71.34;88.37
gorg;77.93;2022-02-13;71.34;88.37
gorg;77.93;2022-02-14;71.34;88.37
gorg;76.62;2022-02-15;69.73;87.77
gorg;76.62;2022-02-16;69.73;87.77
gorg;76.62;2022-02-17;69.73;87.77
gorg;76.62;2022-02-18;69.73;87.77
gorg;76.62;2022-02-19;69.73;87.77
gorg;76.62;2022-02-20;69.73;87.77
gorg;76.62;2022-02-21;69.73;87.77
gorg;75.32;2022-02-22;67.69;87.41
gorg;75.32;2022-02-23;67.69;87.41
gorg;75.32;2022-02-24;67.69;87.41
gorg;75.32;2022-02-25;67.69;87.41
gorg;75.32;2022-02-25;67.69;87.41
gorg;75.32;2022-02-25;67.69;87.41
gorg;75.32;2022-02-25;67.69;87.41
gorg;75.32;2022-02-26;67.69;87.41
gorg;75.32;2022-02-27;67.69;87.41
gorg;75.32;2022-02-28;67.69;87.41
gorg;75.32;2022-03-01;67.69;87.41
gorg;75.32;2022-03-02;67.69;87.41
gorg;75.32;2022-03-03;67.69;87.41
gorg;75.32;2022-03-04;67.69;87.41
gorg;75.32;2022-03-05;67.69;87.41
gorg;75.32;2022-03-06;67.69;87.41
gorg;75.32;2022-03-07;67.69;87.41
gorg;75.32;2022-03-08;67.69;87.41
gorg;72.67;2022-03-09;65.12;84.63
gorg;72.67;2022-03-10;65.12;84.63
gorg;72.67;2022-03-11;65.12;84.63
gorg;72.67;2022-03-12;65.12;84.63
gorg;72.67;2022-03-13;65.12;84.63
gorg;72.67;2022-03-14;65.12;84.63
gorg;72.67;2022-03-15;65.12;84.63
gorg;71.59;2022-03-16;65.80;80.76
gorg;71.59;2022-03-17;65.80;80.76
gorg;71.59;2022-03-20;65.80;80.76
gorg;71.59;2022-03-21;65.80;80.76
gorg;72.01;2022-03-22;67.35;79.40
gorg;72.01;2022-03-23;67.35;79.40
gorg;72.01;2022-03-24;67.35;79.40
gorg;73.31;2022-03-25;68.98;80.19
gorg;73.31;2022-03-26;68.98;80.19
gorg;73.31;2022-03-27;68.98;80.19
gorg;73.31;2022-03-28;68.98;80.19
gorg;74.62;2022-03-29;70.39;81.32
gorg;74.62;2022-03-30;70.39;81.32
gorg;74.62;2022-03-31;70.39;81.32
gorg;76.99;2022-04-01;73.41;82.68
gorg;76.99;2022-04-02;73.41;82.68
gorg;76.99;2022-04-03;73.41;82.68
gorg;76.99;2022-04-04;73.41;82.68
gorg;78.00;2022-04-05;74.33;83.81
gorg;78.00;2022-04-06;74.33;83.81
gorg;78.00;2022-04-07;74.33;83.81
gorg;78.00;2022-04-08;74.33;83.81
gorg;78.00;2022-04-09;74.33;83.81
gorg;78.00;2022-04-10;74.33;83.81
gorg;78.00;2022-04-11;74.33;83.81
gorg;77.74;2022-04-12;73.69;84.15
gorg;77.74;2022-04-13;73.69;84.15
gorg;77.74;2022-04-14;73.69;84.15
gorg;77.74;2022-04-15;73.69;84.15
gorg;77.74;2022-04-16;73.69;84.15
gorg;77.74;2022-04-17;73.69;84.15
gorg;77.74;2022-04-18;73.69;84.15
gorg;77.74;2022-04-19;73.69;84.15
gorg;76.78;2022-04-20;72.62;83.36
gorg;76.78;2022-04-21;72.62;83.36
gorg;76.78;2022-04-22;72.62;83.36
gorg;81.57;2022-04-23;77.05;88.74
gorg;81.57;2022-04-24;77.05;88.74
gorg;81.57;2022-04-25;77.05;88.74
gorg;88.77;2022-04-26;78.62;89.34
gorg;88.77;2022-04-27;78.62;89.34
gorg;88.77;2022-04-28;78.62;89.34
gorg;88.77;2022-04-29;78.62;89.34
gorg;88.77;2022-04-30;78.62;89.34
gorg;88.77;2022-05-01;78.62;89.34
gorg;88.77;2022-05-02;78.62;89.34
gorg;81.75;2022-05-03;78.19;87.41
gorg;81.75;2022-05-04;78.19;87.41
gorg;81.75;2022-05-05;78.19;87.41
gorg;81.75;2022-05-06;78.19;87.41
gorg;81.75;2022-05-07;78.19;87.41
gorg;81.75;2022-05-08;78.19;87.41
gorg;81.75;2022-05-09;78.19;87.41
gorg;80.05;2022-05-10;76.62;85.48
gorg;80.05;2022-05-10;76.62;85.48
gorg;80.05;2022-05-10;76.62;85.48
gorg;80.05;2022-05-11;76.62;85.48
gorg;80.05;2022-05-12;76.62;85.48
gorg;80.05;2022-05-13;76.62;85.48
gorg;80.05;2022-05-14;76.62;85.48
gorg;80.05;2022-05-15;76.62;85.48
gorg;80.05;2022-05-16;76.62;85.48
gorg;80.05;2022-05-17;76.62;85.48
gorg;80.05;2022-05-18;76.62;85.48
gorg;78.22;2022-05-19;76.12;81.55
gorg;78.22;2022-05-20;76.12;81.55
gorg;78.22;2022-05-21;76.12;81.55
gorg;78.22;2022-05-22;76.12;81.55
gorg;78.22;2022-05-23;76.12;81.55
gorg;78.22;2022-05-25;76.12;81.55
gorg;78.22;2022-05-27;76.12;81.55
gorg;78.22;2022-05-28;76.12;81.55
gorg;78.22;2022-05-29;76.12;81.55
gorg;78.22;2022-05-30;76.12;81.55
gorg;78.22;2022-05-31;76.12;81.55
gorg;78.22;2022-06-01;76.12;81.55
gorg;78.22;2022-06-02;76.12;81.55
gorg;78.22;2022-06-03;76.12;81.55
gorg;76.16;2022-06-04;75.19;77.70
gorg;76.16;2022-06-05;75.19;77.70
gorg;76.16;2022-06-06;75.19;77.70
gorg;72.92;2022-06-07;71.91;74.53
gorg;72.92;2022-06-08;71.91;74.53
gorg;72.92;2022-06-09;71.91;74.53
gorg;72.92;2022-06-10;71.91;74.53
gorg;72.92;2022-06-11;71.91;74.53
gorg;72.92;2022-06-11;71.91;74.53
gorg;72.92;2022-06-12;71.91;74.53
gorg;72.92;2022-06-12;71.91;74.53
gorg;72.92;2022-06-13;71.91;74.53
gorg;72.92;2022-06-14;71.91;74.53
gorg;70.27;2022-06-15;69.85;70.93
gorg;70.27;2022-06-16;69.85;70.93
gorg;70.27;2022-06-17;69.85;70.93
gorg;70.27;2022-06-18;69.85;70.93
gorg;70.27;2022-06-19;69.85;70.93
gorg;70.27;2022-06-20;69.85;70.93
gorg;67.22;2022-06-21;67.76;66.37
gorg;67.22;2022-06-22;67.76;66.37
gorg;67.22;2022-06-23;67.76;66.37
gorg;67.22;2022-06-23;67.76;66.37
gorg;67.22;2022-06-23;67.76;66.37
gorg;67.22;2022-06-23;67.76;66.37
gorg;67.22;2022-06-24;67.76;66.37
gorg;67.22;2022-06-25;67.76;66.37
gorg;67.22;2022-06-26;67.76;66.37
gorg;67.22;2022-06-27;67.76;66.37
gorg;67.22;2022-06-28;67.76;66.37
gorg;65.16;2022-06-29;65.66;64.36
gorg;65.16;2022-06-30;65.66;64.36
gorg;65.16;2022-07-01;65.66;64.36
gorg;65.16;2022-07-02;65.66;64.36
gorg;65.16;2022-07-02;65.66;64.36
gorg;65.16;2022-07-03;65.66;64.36
gorg;65.16;2022-07-04;65.66;64.36
gorg;63.09;2022-07-05;63.62;62.24
gorg;63.09;2022-07-06;63.62;62.24
gorg;63.09;2022-07-07;63.62;62.24
gorg;63.09;2022-07-08;63.62;62.24
gorg;63.09;2022-07-09;63.62;62.24
gorg;63.09;2022-07-10;63.62;62.24
gorg;63.09;2022-07-11;63.62;62.24
gorg;61.22;2022-07-12;61.57;60.67
gorg;61.22;2022-07-13;61.57;60.67
gorg;61.22;2022-07-14;61.57;60.67
gorg;61.22;2022-07-14;61.57;60.67
gorg;61.22;2022-07-14;61.57;60.67
gorg;61.22;2022-07-15;61.57;60.67
gorg;61.22;2022-07-16;61.57;60.67
gorg;61.22;2022-07-17;61.57;60.67
gorg;61.22;2022-07-18;61.57;60.67
gorg;61.22;2022-07-19;61.57;60.67
gorg;61.22;2022-07-20;61.57;60.67
gorg;61.22;2022-07-21;61.57;60.67
gorg;61.22;2022-07-22;61.57;60.67
gorg;61.22;2022-07-23;61.57;60.67
gorg;61.22;2022-07-24;61.57;60.67
gorg;61.22;2022-07-25;61.57;60.67
gorg;57.09;2022-07-26;58.49;54.87
gorg;57.09;2022-07-26;58.49;54.87
gorg;57.09;2022-07-27;58.49;54.87
gorg;57.09;2022-07-29;58.49;54.87
gorg;57.09;2022-07-30;58.49;54.87
gorg;57.09;2022-07-31;58.49;54.87
gorg;57.09;2022-08-01;58.49;54.87
gorg;55.18;2022-08-02;56.43;53.20
gorg;55.18;2022-08-03;56.43;53.20
gorg;55.18;2022-08-03;56.43;53.20
gorg;55.18;2022-08-03;56.43;53.20
gorg;55.18;2022-08-03;56.43;53.20
gorg;55.18;2022-08-03;56.43;53.20
gorg;55.18;2022-08-03;56.43;53.20
gorg;55.18;2022-08-03;56.43;53.20
gorg;55.18;2022-08-04;56.43;53.20
gorg;55.18;2022-08-05;56.43;53.20
gorg;55.18;2022-08-06;56.43;53.20
gorg;55.18;2022-08-07;56.43;53.20
gorg;55.18;2022-08-08;56.43;53.20
gorg;53.23;2022-08-09;54.37;51.42
gorg;53.23;2022-08-10;54.37;51.42
gorg;53.23;2022-08-11;54.37;51.42
gorg;53.23;2022-08-12;54.37;51.42
gorg;53.23;2022-08-13;54.37;51.42
gorg;53.23;2022-08-14;54.37;51.42
gorg;53.23;2022-08-15;54.37;51.42
gorg;53.23;2022-08-16;54.37;51.42
gorg;50.98;2022-08-17;50.82;51.24
gorg;50.98;2022-08-18;50.82;51.24
gorg;50.98;2022-08-20;50.82;51.24
gorg;50.98;2022-08-21;50.82;51.24
gorg;50.98;2022-08-22;50.82;51.24
gorg;50.03;2022-08-23;49.11;51.51
gorg;50.03;2022-08-24;49.11;51.51
gorg;50.03;2022-08-25;49.11;51.51
gorg;50.03;2022-08-26;49.11;51.51
gorg;50.03;2022-08-27;49.11;51.51
gorg;50.03;2022-08-28;49.11;51.51
gorg;50.03;2022-08-29;49.11;51.51
gorg;48.59;2022-08-30;45.56;53.40
gorg;48.59;2022-08-31;45.56;53.40
gorg;48.59;2022-09-01;45.56;53.40
gorg;48.59;2022-09-02;45.56;53.40
gorg;48.59;2022-09-03;45.56;53.40
gorg;48.59;2022-09-04;45.56;53.40
gorg;48.59;2022-09-05;45.56;53.40
gorg;48.59;2022-09-06;45.56;53.40
gorg;46.96;2022-09-07;42.40;54.18
gorg;46.96;2022-09-08;42.40;54.18
gorg;46.96;2022-09-09;42.40;54.18
gorg;46.96;2022-09-09;42.40;54.18
gorg;46.96;2022-09-10;42.40;54.18
gorg;46.96;2022-09-11;42.40;54.18
gorg;46.96;2022-09-12;42.40;54.18
gorg;45.56;2022-09-13;38.94;56.05
gorg;45.56;2022-09-14;38.94;56.05
gorg;45.56;2022-09-15;38.94;56.05
gorg;45.56;2022-09-16;38.94;56.05
gorg;45.56;2022-09-17;38.94;56.05
gorg;45.56;2022-09-18;38.94;56.05
gorg;45.56;2022-09-19;38.94;56.05
gorg;44.39;2022-09-20;36.10;57.52
gorg;44.39;2022-09-21;36.10;57.52
gorg;44.39;2022-09-22;36.10;57.52
gorg;44.39;2022-09-23;36.10;57.52
gorg;44.39;2022-09-24;36.10;57.52
gorg;44.39;2022-09-25;36.10;57.52
gorg;44.39;2022-09-26;36.10;57.52
gorg;43.18;2022-09-27;34.63;56.74
gorg;43.18;2022-09-28;34.63;56.74
gorg;43.18;2022-09-29;34.63;56.74
gorg;43.18;2022-09-30;34.63;56.74
gorg;43.18;2022-10-01;34.63;56.74
gorg;43.18;2022-10-02;34.63;56.74
gorg;43.18;2022-10-03;34.63;56.74
gorg;43.18;2022-10-04;34.63;56.74
gorg;42.17;2022-10-05;33.78;55.46
gorg;42.17;2022-10-06;33.78;55.46
gorg;42.17;2022-10-07;33.78;55.46
gorg;42.17;2022-10-08;33.78;55.46
gorg;42.17;2022-10-09;33.78;55.46
gorg;42.17;2022-10-10;33.78;55.46
gorg;40.35;2022-10-11;33.42;51.33
gorg;40.35;2022-10-12;33.42;51.33
gorg;40.35;2022-10-13;33.42;51.33
gorg;40.35;2022-10-14;33.42;51.33
gorg;40.35;2022-10-15;33.42;51.33
gorg;40.35;2022-10-16;33.42;51.33
gorg;40.35;2022-10-17;33.42;51.33
gorg;39.62;2022-10-18;33.78;48.88
gorg;39.62;2022-10-19;33.78;48.88
gorg;39.62;2022-10-20;33.78;48.88
gorg;39.62;2022-10-21;33.78;48.88
gorg;39.62;2022-10-22;33.78;48.88
gorg;39.62;2022-10-23;33.78;48.88
gorg;39.62;2022-10-24;33.78;48.88
gorg;38.43;2022-10-25;33.78;45.79
